year,rlut
1850,228.59153859725575
1851,228.7851313051463
1852,229.06524449278794
1853,229.10633582434042
1854,229.29425866287767
1855,229.0507594242855
1856,229.27616749953313
1857,229.16039717623903
1858,229.36712828714715
1859,229.00801429208434
1860,228.8206153647594
1861,228.8665946872445
1862,229.18243521438242
1863,228.95754280389335
1864,228.7642246749094
1865,229.29267216265438
1866,229.3519933556488
1867,229.12706378188025
1868,228.96866724783422
1869,229.00989621839648
1870,228.88367378517728
1871,228.94899845087457
1872,229.1165043292331
1873,229.02515524441316
1874,228.77302672411727
1875,228.8474805840165
1876,228.96116775029836
1877,229.32343675738835
1878,228.57903798057674
1879,228.82108330256142
1880,228.9014158459925
1881,229.55297214541508
1882,228.86703797910943
1883,228.4873114814815
1884,229.07096319307047
1885,228.70701501556272
1886,228.737793744403
1887,228.61138986699393
1888,228.84068696778635
1889,228.98990054467296
1890,228.7194560843587
1891,228.93323110504983
1892,229.11120171877772
1893,228.90078496376003
1894,228.98600905667487
1895,229.3743898145915
1896,228.62862869305667
1897,228.60240905946
1898,229.19043383214216
1899,228.73775161379865
1900,228.3702027488796
1901,228.8023602731208
1902,229.1321416460894
1903,229.30507579290622
1904,229.2179023297094
1905,228.53951046820035
1906,228.97672017101613
1907,229.03195559307923
1908,228.90322131964143
1909,228.86294309458754
1910,228.76397555731808
1911,228.85200511142077
1912,229.15243370931594
1913,229.0171521287623
1914,229.30148021286107
1915,228.71228130124652
1916,228.7547789524386
1917,229.08065268878397
1918,229.21912843046545
1919,229.09045898254556
1920,229.0803920459731
1921,228.5412637714178
1922,228.48353954439202
1923,228.7315404219755
1924,228.96365470352814
1925,229.67396912448518
1926,228.40135289303814
1927,228.50814692364833
1928,228.92333238373595
1929,229.40555250243352
1930,229.1809806907816
1931,228.79025979188296
1932,228.86543407085406
1933,228.89133047911065
1934,229.48409040533375
1935,229.00467926183796
1936,228.75369445582996
1937,228.7906450395009
1938,228.99618812284257
1939,229.11298048134975
1940,228.3523532513149
1941,228.38097579696046
1942,228.71498695945434
1943,228.83792568321576
1944,228.86405063343358
1945,228.73904579169422
1946,228.64749861879667
1947,228.80393004941186
1948,228.95824741653357
1949,228.79818278628034
1950,228.34476564209456
1951,228.63746078074817
1952,228.96047573583726
1953,229.06393204052165
1954,228.87107159481036
1955,228.8669014978515
1956,228.893220406888
1957,228.71494221886684
1958,228.30603895538155
1959,228.91864024279698
1960,229.13155144222395
1961,228.89572053701335
1962,228.46719011474175
1963,228.76863068477738
1964,228.92799111582067
1965,228.97202952401702
1966,229.0573233359477
1967,229.03001039167762
1968,228.9234318905293
1969,229.06661242988645
1970,228.7111628579555
1971,228.43870144059315
1972,229.04196145624084
1973,228.9219008274833
1974,228.47645287174785
1975,228.4803070558446
1976,228.90155970809943
1977,228.96976413692641
1978,228.66405659777266
1979,228.95170269477106
1980,228.7005970071841
1981,228.8737186065121
1982,228.93211076455856
1983,229.08785040736302
1984,228.9812627612254
1985,229.0441182584067
1986,229.13992895080543
1987,229.60558796608882
1988,228.98679181099763
1989,228.80333996636264
1990,228.80690596070653
1991,229.12748245176195
1992,228.9335512694048
1993,228.99750690329302
1994,229.07887158466946
1995,229.2602379553476
1996,229.4399362760971
1997,229.30576491490183
1998,228.76716447580793
1999,228.90047259855768
2000,229.1504839138803
2001,228.91404429051386
2002,228.59735522130956
2003,229.21855954078222
2004,229.07010508260927
2005,229.12227802257098
2006,228.69886584424225
2007,228.89135910720188
2008,228.6501547571229
2009,228.6610545658118
2010,229.09661598800696
2011,228.93921813054598
2012,228.5840752013881
2013,228.3470400860855
2014,228.92951948544658
2015,229.28825707966917
2016,229.62970383056523
2017,228.8797700507938
2018,228.90140289248686
2019,228.8499621511524
2020,229.06832495370801
2021,229.16431083252687
2022,229.25410798813596
2023,229.19278745513162
2024,229.1469095396768
2025,229.40983712833773
2026,229.27607773373788
2027,229.14358527815781
2028,228.75918610949898
2029,229.14328734904183
2030,229.73242110444343
2031,229.0791773980007
2032,228.64324934366246
2033,228.74953732387323
2034,229.0911959383629
2035,229.28359574812902
2036,228.80906914475975
2037,228.95393094647864
2038,228.91592909727586
2039,229.17005188181798
2040,229.23522315218105
2041,228.80981783924565
2042,229.08490681625804
2043,229.1091790865016
2044,228.58964533811172
2045,228.93347191488073
2046,228.99928540231295
2047,229.66037547101854
2048,229.02564908763247
2049,228.73420318018933
2050,228.52524027865266
2051,229.01020232549826
2052,228.61945101459227
2053,229.15553261922696
2054,228.55459465931546
2055,228.9940047202508
2056,229.18699711616588
2057,229.20750681883575
2058,229.56057441914948
2059,229.67458313372472
2060,229.0771187985684
2061,228.62341578878815
2062,228.87680072904675
2063,228.80998305846853
2064,229.31969868385514
2065,229.5750500314019
2066,229.06057222176366
2067,228.83345336735195
2068,229.1067215977013
2069,228.89054440103106
2070,228.92532179814424
2071,228.98915904356244
2072,229.3414442573912
2073,229.42444710563854
2074,229.46883456796365
2075,228.7651980657189
2076,228.87999909819985
2077,228.60260041784286
2078,228.7364854554169
2079,228.84456078177385
2080,229.547716245645
2081,229.17013724831168
2082,229.0243955548229
2083,228.86918651041114
2084,228.84442736079674
2085,228.48777784335869
2086,229.18352352970138
2087,229.28456453307638
2088,228.76936549873858
2089,228.62967023733356
2090,228.91895531437402
2091,229.18656276629093
2092,228.84185511843597
2093,228.9760548377961
2094,228.97248439249336
2095,229.18373166229773
2096,228.9565712885276
2097,228.82236867659668
2098,228.79318112101896
2099,229.0478574766997
2100,229.27253350943127
2101,228.42165778655914
2102,228.60067137900353
2103,228.8275300904615
2104,229.341604454444
2105,228.65557068736672
2106,228.99217980851756
2107,228.84503485116005
2108,228.929686203775
2109,228.77412100535963
2110,228.66302123753906
2111,229.07587984203116
2112,229.05695482271898
2113,229.13112381273768
2114,228.7355745910438
2115,228.69672586401958
2116,228.9803857509668
2117,229.40171534976503
2118,228.67057633681645
2119,228.46142710245948
2120,228.7386552362567
2121,228.84419507522938
2122,228.73478123671686
2123,228.7118838818989
2124,229.33297615939793
2125,228.83719914873316
2126,229.01633228860484
2127,228.8846176336572
2128,228.51808610536773
2129,228.72657570736328
2130,229.03643815767828
2131,229.0036051855538
2132,228.8488911109395
2133,228.75190289412262
2134,228.85362217888434
2135,228.63960028259163
2136,228.68788483887127
2137,228.90635060106592
2138,228.50535441006943
2139,228.80738633545
2140,229.1371727068205
2141,229.06443938143724
2142,229.03403594984948
2143,228.82129516812202
2144,229.15747730362241
2145,228.8982626407145
2146,229.07226471787178
2147,228.83067229186702
2148,228.80193878672597
2149,228.85427469967038
2150,229.10282950900083
2151,228.84875695226816
2152,228.49710483589962
2153,228.68738391935017
2154,228.88343521378607
2155,229.0474272331023
2156,228.98739852669598
2157,228.78627519775992
2158,229.29323013121385
2159,229.47716271393733
2160,228.87480651912514
2161,228.6119326477084
2162,228.72162818524464
2163,228.73997839207314
2164,228.7589717388433
2165,229.19207819004723
2166,229.0495539141599
2167,228.6259055342157
2168,228.89332216847367
2169,228.68550771350294
2170,228.78682844578313
2171,228.73616768962157
2172,229.64009338715087
2173,228.81521115578394
2174,228.59453473070138
2175,228.62850807433676
2176,229.02679522708084
2177,229.199090353311
2178,228.90550996101578
2179,228.806765401658
2180,228.87125600423235
2181,228.67371957503138
2182,228.9202019173862
2183,229.0022947302329
2184,228.77227166363366
2185,228.7775628194136
2186,229.05499835002036
2187,228.61498575490404
2188,228.57574796551455
2189,228.84137565695482
2190,228.63588956728404
2191,228.38115475573687
2192,228.4312536697613
2193,228.75135147767452
2194,228.70930694545112
2195,228.51262886936516
2196,228.74984974018332
2197,228.64387864239976
2198,229.0992625613314
2199,229.06896257008958
2200,228.77403455657668
2201,228.8232845281176
2202,229.15366442957438
2203,229.04083409793418
2204,228.45459920328574
2205,228.79873089910862
2206,228.9840058655409
2207,228.6274863258695
2208,229.05186308030846
2209,228.96667628854746
2210,228.93155409848026
2211,228.71717330984262
2212,228.67146903699543
2213,228.7929868782911
2214,229.24016687965488
2215,228.18113923883772
2216,228.14311082154452
2217,228.68443716929457
2218,228.8653102575907
2219,228.68459308567174
2220,228.53384628908012
2221,229.23844317532067
2222,229.06729083713626
2223,228.30830491727818
2224,228.2827279155437
2225,228.55636192228496
2226,229.15880299773679
2227,229.1043311206114
2228,228.5044795044924
2229,228.53541507382465
2230,228.75971627262584
2231,228.9192187568838
2232,228.87305278403176
2233,228.98708206050404
2234,228.70314141298314
2235,228.7404751392485
2236,228.89325292942146
2237,229.20367787513925
2238,228.91612334834736
2239,229.2681872858974
2240,228.52155153325364
2241,228.97281896816094
2242,229.01939750805084
2243,228.7065649264933
2244,228.74203097553277
2245,229.07298543347156
2246,228.50200590974086
2247,228.83928920566052
2248,228.8344173212193
2249,228.82037188024992
2250,229.00391677576334
2251,228.98145978413157
2252,228.98778330669353
2253,228.99317848878297
2254,229.14658326911146
2255,229.14529755559465
2256,228.80463249516055
2257,228.72507197376993
2258,228.8802223868635
2259,229.15300591060625
2260,229.0705487546135
2261,229.16545625590874
2262,228.67335594484257
2263,228.48027223222093
2264,229.3100392005287
2265,228.91935455778776
2266,228.7583552162356
2267,228.595038561274
2268,228.8618806246359
2269,228.27943661362383