source_id,activity_id,experiment_id,variant_label,variable,grid_label,filenum,filename,filesize,download_url,opendap_url
MIROC-ES2H,CMIP,abrupt-4xCO2,r1i1p4f2,areacella,gn,1/1,areacella_fx_MIROC-ES2H_abrupt-4xCO2_r1i1p4f2_gn.nc,45455,http://esgf-data02.diasjp.net/thredds/fileServer/esg_dataroot/CMIP6/CMIP/MIROC/MIROC-ES2H/abrupt-4xCO2/r1i1p4f2/fx/areacella/gn/v20220322/areacella_fx_MIROC-ES2H_abrupt-4xCO2_r1i1p4f2_gn.nc|https://esgf-data1.llnl.gov/thredds/fileServer/css03_data/CMIP6/CMIP/MIROC/MIROC-ES2H/abrupt-4xCO2/r1i1p4f2/fx/areacella/gn/v20220322/areacella_fx_MIROC-ES2H_abrupt-4xCO2_r1i1p4f2_gn.nc,http://esgf-data02.diasjp.net/thredds/dodsC/esg_dataroot/CMIP6/CMIP/MIROC/MIROC-ES2H/abrupt-4xCO2/r1i1p4f2/fx/areacella/gn/v20220322/areacella_fx_MIROC-ES2H_abrupt-4xCO2_r1i1p4f2_gn.nc|https://esgf-data1.llnl.gov/thredds/dodsC/css03_data/CMIP6/CMIP/MIROC/MIROC-ES2H/abrupt-4xCO2/r1i1p4f2/fx/areacella/gn/v20220322/areacella_fx_MIROC-ES2H_abrupt-4xCO2_r1i1p4f2_gn.nc
MIROC-ES2H,CMIP,abrupt-4xCO2,r1i1p4f2,rlut,gn,1/1,rlut_Amon_MIROC-ES2H_abrupt-4xCO2_r1i1p4f2_gn_185001-198912.nc,140475637,https://esgf-data1.llnl.gov/thredds/fileServer/css03_data/CMIP6/CMIP/MIROC/MIROC-ES2H/abrupt-4xCO2/r1i1p4f2/Amon/rlut/gn/v20220322/rlut_Amon_MIROC-ES2H_abrupt-4xCO2_r1i1p4f2_gn_185001-198912.nc|http://esgf-data02.diasjp.net/thredds/fileServer/esg_dataroot/CMIP6/CMIP/MIROC/MIROC-ES2H/abrupt-4xCO2/r1i1p4f2/Amon/rlut/gn/v20220322/rlut_Amon_MIROC-ES2H_abrupt-4xCO2_r1i1p4f2_gn_185001-198912.nc,https://esgf-data1.llnl.gov/thredds/dodsC/css03_data/CMIP6/CMIP/MIROC/MIROC-ES2H/abrupt-4xCO2/r1i1p4f2/Amon/rlut/gn/v20220322/rlut_Amon_MIROC-ES2H_abrupt-4xCO2_r1i1p4f2_gn_185001-198912.nc|http://esgf-data02.diasjp.net/thredds/dodsC/esg_dataroot/CMIP6/CMIP/MIROC/MIROC-ES2H/abrupt-4xCO2/r1i1p4f2/Amon/rlut/gn/v20220322/rlut_Amon_MIROC-ES2H_abrupt-4xCO2_r1i1p4f2_gn_185001-198912.nc
MIROC-ES2H,CMIP,abrupt-4xCO2,r1i1p4f2,rsdt,gn,1/1,rsdt_Amon_MIROC-ES2H_abrupt-4xCO2_r1i1p4f2_gn_185001-198912.nc,87847400,https://esgf-data1.llnl.gov/thredds/fileServer/css03_data/CMIP6/CMIP/MIROC/MIROC-ES2H/abrupt-4xCO2/r1i1p4f2/Amon/rsdt/gn/v20220322/rsdt_Amon_MIROC-ES2H_abrupt-4xCO2_r1i1p4f2_gn_185001-198912.nc|http://esgf-data02.diasjp.net/thredds/fileServer/esg_dataroot/CMIP6/CMIP/MIROC/MIROC-ES2H/abrupt-4xCO2/r1i1p4f2/Amon/rsdt/gn/v20220322/rsdt_Amon_MIROC-ES2H_abrupt-4xCO2_r1i1p4f2_gn_185001-198912.nc,https://esgf-data1.llnl.gov/thredds/dodsC/css03_data/CMIP6/CMIP/MIROC/MIROC-ES2H/abrupt-4xCO2/r1i1p4f2/Amon/rsdt/gn/v20220322/rsdt_Amon_MIROC-ES2H_abrupt-4xCO2_r1i1p4f2_gn_185001-198912.nc|http://esgf-data02.diasjp.net/thredds/dodsC/esg_dataroot/CMIP6/CMIP/MIROC/MIROC-ES2H/abrupt-4xCO2/r1i1p4f2/Amon/rsdt/gn/v20220322/rsdt_Amon_MIROC-ES2H_abrupt-4xCO2_r1i1p4f2_gn_185001-198912.nc
MIROC-ES2H,CMIP,abrupt-4xCO2,r1i1p4f2,rsut,gn,1/1,rsut_Amon_MIROC-ES2H_abrupt-4xCO2_r1i1p4f2_gn_185001-198912.nc,151581233,https://esgf-data1.llnl.gov/thredds/fileServer/css03_data/CMIP6/CMIP/MIROC/MIROC-ES2H/abrupt-4xCO2/r1i1p4f2/Amon/rsut/gn/v20220322/rsut_Amon_MIROC-ES2H_abrupt-4xCO2_r1i1p4f2_gn_185001-198912.nc|http://esgf-data02.diasjp.net/thredds/fileServer/esg_dataroot/CMIP6/CMIP/MIROC/MIROC-ES2H/abrupt-4xCO2/r1i1p4f2/Amon/rsut/gn/v20220322/rsut_Amon_MIROC-ES2H_abrupt-4xCO2_r1i1p4f2_gn_185001-198912.nc,https://esgf-data1.llnl.gov/thredds/dodsC/css03_data/CMIP6/CMIP/MIROC/MIROC-ES2H/abrupt-4xCO2/r1i1p4f2/Amon/rsut/gn/v20220322/rsut_Amon_MIROC-ES2H_abrupt-4xCO2_r1i1p4f2_gn_185001-198912.nc|http://esgf-data02.diasjp.net/thredds/dodsC/esg_dataroot/CMIP6/CMIP/MIROC/MIROC-ES2H/abrupt-4xCO2/r1i1p4f2/Amon/rsut/gn/v20220322/rsut_Amon_MIROC-ES2H_abrupt-4xCO2_r1i1p4f2_gn_185001-198912.nc
MIROC-ES2H,CMIP,abrupt-4xCO2,r1i1p4f2,tas,gn,1/1,tas_Amon_MIROC-ES2H_abrupt-4xCO2_r1i1p4f2_gn_185001-198912.nc,121159127,https://esgf-data1.llnl.gov/thredds/fileServer/css03_data/CMIP6/CMIP/MIROC/MIROC-ES2H/abrupt-4xCO2/r1i1p4f2/Amon/tas/gn/v20220322/tas_Amon_MIROC-ES2H_abrupt-4xCO2_r1i1p4f2_gn_185001-198912.nc|http://esgf-data02.diasjp.net/thredds/fileServer/esg_dataroot/CMIP6/CMIP/MIROC/MIROC-ES2H/abrupt-4xCO2/r1i1p4f2/Amon/tas/gn/v20220322/tas_Amon_MIROC-ES2H_abrupt-4xCO2_r1i1p4f2_gn_185001-198912.nc,https://esgf-data1.llnl.gov/thredds/dodsC/css03_data/CMIP6/CMIP/MIROC/MIROC-ES2H/abrupt-4xCO2/r1i1p4f2/Amon/tas/gn/v20220322/tas_Amon_MIROC-ES2H_abrupt-4xCO2_r1i1p4f2_gn_185001-198912.nc|http://esgf-data02.diasjp.net/thredds/dodsC/esg_dataroot/CMIP6/CMIP/MIROC/MIROC-ES2H/abrupt-4xCO2/r1i1p4f2/Amon/tas/gn/v20220322/tas_Amon_MIROC-ES2H_abrupt-4xCO2_r1i1p4f2_gn_185001-198912.nc
MIROC-ES2H,CMIP,historical,r1i1p4f2,areacella,gn,1/1,areacella_fx_MIROC-ES2H_historical_r1i1p4f2_gn.nc,45455,http://esgf-data02.diasjp.net/thredds/fileServer/esg_dataroot/CMIP6/CMIP/MIROC/MIROC-ES2H/historical/r1i1p4f2/fx/areacella/gn/v20220322/areacella_fx_MIROC-ES2H_historical_r1i1p4f2_gn.nc|https://esgf-data1.llnl.gov/thredds/fileServer/css03_data/CMIP6/CMIP/MIROC/MIROC-ES2H/historical/r1i1p4f2/fx/areacella/gn/v20220322/areacella_fx_MIROC-ES2H_historical_r1i1p4f2_gn.nc,http://esgf-data02.diasjp.net/thredds/dodsC/esg_dataroot/CMIP6/CMIP/MIROC/MIROC-ES2H/historical/r1i1p4f2/fx/areacella/gn/v20220322/areacella_fx_MIROC-ES2H_historical_r1i1p4f2_gn.nc|https://esgf-data1.llnl.gov/thredds/dodsC/css03_data/CMIP6/CMIP/MIROC/MIROC-ES2H/historical/r1i1p4f2/fx/areacella/gn/v20220322/areacella_fx_MIROC-ES2H_historical_r1i1p4f2_gn.nc
MIROC-ES2H,CMIP,historical,r1i1p4f2,rlut,gn,1/1,rlut_Amon_MIROC-ES2H_historical_r1i1p4f2_gn_185001-201412.nc,166307287,https://esgf-data1.llnl.gov/thredds/fileServer/css03_data/CMIP6/CMIP/MIROC/MIROC-ES2H/historical/r1i1p4f2/Amon/rlut/gn/v20220322/rlut_Amon_MIROC-ES2H_historical_r1i1p4f2_gn_185001-201412.nc|http://esgf-data02.diasjp.net/thredds/fileServer/esg_dataroot/CMIP6/CMIP/MIROC/MIROC-ES2H/historical/r1i1p4f2/Amon/rlut/gn/v20220322/rlut_Amon_MIROC-ES2H_historical_r1i1p4f2_gn_185001-201412.nc,https://esgf-data1.llnl.gov/thredds/dodsC/css03_data/CMIP6/CMIP/MIROC/MIROC-ES2H/historical/r1i1p4f2/Amon/rlut/gn/v20220322/rlut_Amon_MIROC-ES2H_historical_r1i1p4f2_gn_185001-201412.nc|http://esgf-data02.diasjp.net/thredds/dodsC/esg_dataroot/CMIP6/CMIP/MIROC/MIROC-ES2H/historical/r1i1p4f2/Amon/rlut/gn/v20220322/rlut_Amon_MIROC-ES2H_historical_r1i1p4f2_gn_185001-201412.nc
MIROC-ES2H,CMIP,historical,r1i1p4f2,rsdt,gn,1/1,rsdt_Amon_MIROC-ES2H_historical_r1i1p4f2_gn_185001-201412.nc,103609498,https://esgf-data1.llnl.gov/thredds/fileServer/css03_data/CMIP6/CMIP/MIROC/MIROC-ES2H/historical/r1i1p4f2/Amon/rsdt/gn/v20220322/rsdt_Amon_MIROC-ES2H_historical_r1i1p4f2_gn_185001-201412.nc|http://esgf-data02.diasjp.net/thredds/fileServer/esg_dataroot/CMIP6/CMIP/MIROC/MIROC-ES2H/historical/r1i1p4f2/Amon/rsdt/gn/v20220322/rsdt_Amon_MIROC-ES2H_historical_r1i1p4f2_gn_185001-201412.nc,https://esgf-data1.llnl.gov/thredds/dodsC/css03_data/CMIP6/CMIP/MIROC/MIROC-ES2H/historical/r1i1p4f2/Amon/rsdt/gn/v20220322/rsdt_Amon_MIROC-ES2H_historical_r1i1p4f2_gn_185001-201412.nc|http://esgf-data02.diasjp.net/thredds/dodsC/esg_dataroot/CMIP6/CMIP/MIROC/MIROC-ES2H/historical/r1i1p4f2/Amon/rsdt/gn/v20220322/rsdt_Amon_MIROC-ES2H_historical_r1i1p4f2_gn_185001-201412.nc
MIROC-ES2H,CMIP,historical,r1i1p4f2,rsut,gn,1/1,rsut_Amon_MIROC-ES2H_historical_r1i1p4f2_gn_185001-201412.nc,177724355,https://esgf-data1.llnl.gov/thredds/fileServer/css03_data/CMIP6/CMIP/MIROC/MIROC-ES2H/historical/r1i1p4f2/Amon/rsut/gn/v20220322/rsut_Amon_MIROC-ES2H_historical_r1i1p4f2_gn_185001-201412.nc|http://esgf-data02.diasjp.net/thredds/fileServer/esg_dataroot/CMIP6/CMIP/MIROC/MIROC-ES2H/historical/r1i1p4f2/Amon/rsut/gn/v20220322/rsut_Amon_MIROC-ES2H_historical_r1i1p4f2_gn_185001-201412.nc,https://esgf-data1.llnl.gov/thredds/dodsC/css03_data/CMIP6/CMIP/MIROC/MIROC-ES2H/historical/r1i1p4f2/Amon/rsut/gn/v20220322/rsut_Amon_MIROC-ES2H_historical_r1i1p4f2_gn_185001-201412.nc|http://esgf-data02.diasjp.net/thredds/dodsC/esg_dataroot/CMIP6/CMIP/MIROC/MIROC-ES2H/historical/r1i1p4f2/Amon/rsut/gn/v20220322/rsut_Amon_MIROC-ES2H_historical_r1i1p4f2_gn_185001-201412.nc
MIROC-ES2H,CMIP,historical,r1i1p4f2,tas,gn,1/1,tas_Amon_MIROC-ES2H_historical_r1i1p4f2_gn_185001-201412.nc,143258359,https://esgf-data1.llnl.gov/thredds/fileServer/css03_data/CMIP6/CMIP/MIROC/MIROC-ES2H/historical/r1i1p4f2/Amon/tas/gn/v20220322/tas_Amon_MIROC-ES2H_historical_r1i1p4f2_gn_185001-201412.nc|http://esgf-data02.diasjp.net/thredds/fileServer/esg_dataroot/CMIP6/CMIP/MIROC/MIROC-ES2H/historical/r1i1p4f2/Amon/tas/gn/v20220322/tas_Amon_MIROC-ES2H_historical_r1i1p4f2_gn_185001-201412.nc,https://esgf-data1.llnl.gov/thredds/dodsC/css03_data/CMIP6/CMIP/MIROC/MIROC-ES2H/historical/r1i1p4f2/Amon/tas/gn/v20220322/tas_Amon_MIROC-ES2H_historical_r1i1p4f2_gn_185001-201412.nc|http://esgf-data02.diasjp.net/thredds/dodsC/esg_dataroot/CMIP6/CMIP/MIROC/MIROC-ES2H/historical/r1i1p4f2/Amon/tas/gn/v20220322/tas_Amon_MIROC-ES2H_historical_r1i1p4f2_gn_185001-201412.nc
MIROC-ES2H,CMIP,piControl,r1i1p4f2,areacella,gn,1/1,areacella_fx_MIROC-ES2H_piControl_r1i1p4f2_gn.nc,45455,http://esgf-data02.diasjp.net/thredds/fileServer/esg_dataroot/CMIP6/CMIP/MIROC/MIROC-ES2H/piControl/r1i1p4f2/fx/areacella/gn/v20220322/areacella_fx_MIROC-ES2H_piControl_r1i1p4f2_gn.nc|https://esgf-data1.llnl.gov/thredds/fileServer/css03_data/CMIP6/CMIP/MIROC/MIROC-ES2H/piControl/r1i1p4f2/fx/areacella/gn/v20220322/areacella_fx_MIROC-ES2H_piControl_r1i1p4f2_gn.nc,http://esgf-data02.diasjp.net/thredds/dodsC/esg_dataroot/CMIP6/CMIP/MIROC/MIROC-ES2H/piControl/r1i1p4f2/fx/areacella/gn/v20220322/areacella_fx_MIROC-ES2H_piControl_r1i1p4f2_gn.nc|https://esgf-data1.llnl.gov/thredds/dodsC/css03_data/CMIP6/CMIP/MIROC/MIROC-ES2H/piControl/r1i1p4f2/fx/areacella/gn/v20220322/areacella_fx_MIROC-ES2H_piControl_r1i1p4f2_gn.nc
MIROC-ES2H,CMIP,piControl,r1i1p4f2,rlut,gn,1/3,rlut_Amon_MIROC-ES2H_piControl_r1i1p4f2_gn_185001-204912.nc,201724388,https://esgf-data1.llnl.gov/thredds/fileServer/css03_data/CMIP6/CMIP/MIROC/MIROC-ES2H/piControl/r1i1p4f2/Amon/rlut/gn/v20220322/rlut_Amon_MIROC-ES2H_piControl_r1i1p4f2_gn_185001-204912.nc|http://esgf-data02.diasjp.net/thredds/fileServer/esg_dataroot/CMIP6/CMIP/MIROC/MIROC-ES2H/piControl/r1i1p4f2/Amon/rlut/gn/v20220322/rlut_Amon_MIROC-ES2H_piControl_r1i1p4f2_gn_185001-204912.nc,https://esgf-data1.llnl.gov/thredds/dodsC/css03_data/CMIP6/CMIP/MIROC/MIROC-ES2H/piControl/r1i1p4f2/Amon/rlut/gn/v20220322/rlut_Amon_MIROC-ES2H_piControl_r1i1p4f2_gn_185001-204912.nc|http://esgf-data02.diasjp.net/thredds/dodsC/esg_dataroot/CMIP6/CMIP/MIROC/MIROC-ES2H/piControl/r1i1p4f2/Amon/rlut/gn/v20220322/rlut_Amon_MIROC-ES2H_piControl_r1i1p4f2_gn_185001-204912.nc
MIROC-ES2H,CMIP,piControl,r1i1p4f2,rlut,gn,2/3,rlut_Amon_MIROC-ES2H_piControl_r1i1p4f2_gn_205001-224912.nc,201723990,https://esgf-data1.llnl.gov/thredds/fileServer/css03_data/CMIP6/CMIP/MIROC/MIROC-ES2H/piControl/r1i1p4f2/Amon/rlut/gn/v20220322/rlut_Amon_MIROC-ES2H_piControl_r1i1p4f2_gn_205001-224912.nc|http://esgf-data02.diasjp.net/thredds/fileServer/esg_dataroot/CMIP6/CMIP/MIROC/MIROC-ES2H/piControl/r1i1p4f2/Amon/rlut/gn/v20220322/rlut_Amon_MIROC-ES2H_piControl_r1i1p4f2_gn_205001-224912.nc,https://esgf-data1.llnl.gov/thredds/dodsC/css03_data/CMIP6/CMIP/MIROC/MIROC-ES2H/piControl/r1i1p4f2/Amon/rlut/gn/v20220322/rlut_Amon_MIROC-ES2H_piControl_r1i1p4f2_gn_205001-224912.nc|http://esgf-data02.diasjp.net/thredds/dodsC/esg_dataroot/CMIP6/CMIP/MIROC/MIROC-ES2H/piControl/r1i1p4f2/Amon/rlut/gn/v20220322/rlut_Amon_MIROC-ES2H_piControl_r1i1p4f2_gn_205001-224912.nc
MIROC-ES2H,CMIP,piControl,r1i1p4f2,rlut,gn,3/3,rlut_Amon_MIROC-ES2H_piControl_r1i1p4f2_gn_225001-226912.nc,20228291,https://esgf-data1.llnl.gov/thredds/fileServer/css03_data/CMIP6/CMIP/MIROC/MIROC-ES2H/piControl/r1i1p4f2/Amon/rlut/gn/v20220322/rlut_Amon_MIROC-ES2H_piControl_r1i1p4f2_gn_225001-226912.nc|http://esgf-data02.diasjp.net/thredds/fileServer/esg_dataroot/CMIP6/CMIP/MIROC/MIROC-ES2H/piControl/r1i1p4f2/Amon/rlut/gn/v20220322/rlut_Amon_MIROC-ES2H_piControl_r1i1p4f2_gn_225001-226912.nc,https://esgf-data1.llnl.gov/thredds/dodsC/css03_data/CMIP6/CMIP/MIROC/MIROC-ES2H/piControl/r1i1p4f2/Amon/rlut/gn/v20220322/rlut_Amon_MIROC-ES2H_piControl_r1i1p4f2_gn_225001-226912.nc|http://esgf-data02.diasjp.net/thredds/dodsC/esg_dataroot/CMIP6/CMIP/MIROC/MIROC-ES2H/piControl/r1i1p4f2/Amon/rlut/gn/v20220322/rlut_Amon_MIROC-ES2H_piControl_r1i1p4f2_gn_225001-226912.nc
MIROC-ES2H,CMIP,piControl,r1i1p4f2,rsdt,gn,1/3,rsdt_Amon_MIROC-ES2H_piControl_r1i1p4f2_gn_185001-204912.nc,125920043,https://esgf-data1.llnl.gov/thredds/fileServer/css03_data/CMIP6/CMIP/MIROC/MIROC-ES2H/piControl/r1i1p4f2/Amon/rsdt/gn/v20220322/rsdt_Amon_MIROC-ES2H_piControl_r1i1p4f2_gn_185001-204912.nc|http://esgf-data02.diasjp.net/thredds/fileServer/esg_dataroot/CMIP6/CMIP/MIROC/MIROC-ES2H/piControl/r1i1p4f2/Amon/rsdt/gn/v20220322/rsdt_Amon_MIROC-ES2H_piControl_r1i1p4f2_gn_185001-204912.nc,https://esgf-data1.llnl.gov/thredds/dodsC/css03_data/CMIP6/CMIP/MIROC/MIROC-ES2H/piControl/r1i1p4f2/Amon/rsdt/gn/v20220322/rsdt_Amon_MIROC-ES2H_piControl_r1i1p4f2_gn_185001-204912.nc|http://esgf-data02.diasjp.net/thredds/dodsC/esg_dataroot/CMIP6/CMIP/MIROC/MIROC-ES2H/piControl/r1i1p4f2/Amon/rsdt/gn/v20220322/rsdt_Amon_MIROC-ES2H_piControl_r1i1p4f2_gn_185001-204912.nc
MIROC-ES2H,CMIP,piControl,r1i1p4f2,rsdt,gn,2/3,rsdt_Amon_MIROC-ES2H_piControl_r1i1p4f2_gn_205001-224912.nc,125937147,https://esgf-data1.llnl.gov/thredds/fileServer/css03_data/CMIP6/CMIP/MIROC/MIROC-ES2H/piControl/r1i1p4f2/Amon/rsdt/gn/v20220322/rsdt_Amon_MIROC-ES2H_piControl_r1i1p4f2_gn_205001-224912.nc|http://esgf-data02.diasjp.net/thredds/fileServer/esg_dataroot/CMIP6/CMIP/MIROC/MIROC-ES2H/piControl/r1i1p4f2/Amon/rsdt/gn/v20220322/rsdt_Amon_MIROC-ES2H_piControl_r1i1p4f2_gn_205001-224912.nc,https://esgf-data1.llnl.gov/thredds/dodsC/css03_data/CMIP6/CMIP/MIROC/MIROC-ES2H/piControl/r1i1p4f2/Amon/rsdt/gn/v20220322/rsdt_Amon_MIROC-ES2H_piControl_r1i1p4f2_gn_205001-224912.nc|http://esgf-data02.diasjp.net/thredds/dodsC/esg_dataroot/CMIP6/CMIP/MIROC/MIROC-ES2H/piControl/r1i1p4f2/Amon/rsdt/gn/v20220322/rsdt_Amon_MIROC-ES2H_piControl_r1i1p4f2_gn_205001-224912.nc
MIROC-ES2H,CMIP,piControl,r1i1p4f2,rsdt,gn,3/3,rsdt_Amon_MIROC-ES2H_piControl_r1i1p4f2_gn_225001-226912.nc,12641956,https://esgf-data1.llnl.gov/thredds/fileServer/css03_data/CMIP6/CMIP/MIROC/MIROC-ES2H/piControl/r1i1p4f2/Amon/rsdt/gn/v20220322/rsdt_Amon_MIROC-ES2H_piControl_r1i1p4f2_gn_225001-226912.nc|http://esgf-data02.diasjp.net/thredds/fileServer/esg_dataroot/CMIP6/CMIP/MIROC/MIROC-ES2H/piControl/r1i1p4f2/Amon/rsdt/gn/v20220322/rsdt_Amon_MIROC-ES2H_piControl_r1i1p4f2_gn_225001-226912.nc,https://esgf-data1.llnl.gov/thredds/dodsC/css03_data/CMIP6/CMIP/MIROC/MIROC-ES2H/piControl/r1i1p4f2/Amon/rsdt/gn/v20220322/rsdt_Amon_MIROC-ES2H_piControl_r1i1p4f2_gn_225001-226912.nc|http://esgf-data02.diasjp.net/thredds/dodsC/esg_dataroot/CMIP6/CMIP/MIROC/MIROC-ES2H/piControl/r1i1p4f2/Amon/rsdt/gn/v20220322/rsdt_Amon_MIROC-ES2H_piControl_r1i1p4f2_gn_225001-226912.nc
MIROC-ES2H,CMIP,piControl,r1i1p4f2,rsut,gn,1/3,rsut_Amon_MIROC-ES2H_piControl_r1i1p4f2_gn_185001-204912.nc,215457227,https://esgf-data1.llnl.gov/thredds/fileServer/css03_data/CMIP6/CMIP/MIROC/MIROC-ES2H/piControl/r1i1p4f2/Amon/rsut/gn/v20220322/rsut_Amon_MIROC-ES2H_piControl_r1i1p4f2_gn_185001-204912.nc|http://esgf-data02.diasjp.net/thredds/fileServer/esg_dataroot/CMIP6/CMIP/MIROC/MIROC-ES2H/piControl/r1i1p4f2/Amon/rsut/gn/v20220322/rsut_Amon_MIROC-ES2H_piControl_r1i1p4f2_gn_185001-204912.nc,https://esgf-data1.llnl.gov/thredds/dodsC/css03_data/CMIP6/CMIP/MIROC/MIROC-ES2H/piControl/r1i1p4f2/Amon/rsut/gn/v20220322/rsut_Amon_MIROC-ES2H_piControl_r1i1p4f2_gn_185001-204912.nc|http://esgf-data02.diasjp.net/thredds/dodsC/esg_dataroot/CMIP6/CMIP/MIROC/MIROC-ES2H/piControl/r1i1p4f2/Amon/rsut/gn/v20220322/rsut_Amon_MIROC-ES2H_piControl_r1i1p4f2_gn_185001-204912.nc
MIROC-ES2H,CMIP,piControl,r1i1p4f2,rsut,gn,2/3,rsut_Amon_MIROC-ES2H_piControl_r1i1p4f2_gn_205001-224912.nc,215383583,https://esgf-data1.llnl.gov/thredds/fileServer/css03_data/CMIP6/CMIP/MIROC/MIROC-ES2H/piControl/r1i1p4f2/Amon/rsut/gn/v20220322/rsut_Amon_MIROC-ES2H_piControl_r1i1p4f2_gn_205001-224912.nc|http://esgf-data02.diasjp.net/thredds/fileServer/esg_dataroot/CMIP6/CMIP/MIROC/MIROC-ES2H/piControl/r1i1p4f2/Amon/rsut/gn/v20220322/rsut_Amon_MIROC-ES2H_piControl_r1i1p4f2_gn_205001-224912.nc,https://esgf-data1.llnl.gov/thredds/dodsC/css03_data/CMIP6/CMIP/MIROC/MIROC-ES2H/piControl/r1i1p4f2/Amon/rsut/gn/v20220322/rsut_Amon_MIROC-ES2H_piControl_r1i1p4f2_gn_205001-224912.nc|http://esgf-data02.diasjp.net/thredds/dodsC/esg_dataroot/CMIP6/CMIP/MIROC/MIROC-ES2H/piControl/r1i1p4f2/Amon/rsut/gn/v20220322/rsut_Amon_MIROC-ES2H_piControl_r1i1p4f2_gn_205001-224912.nc
MIROC-ES2H,CMIP,piControl,r1i1p4f2,rsut,gn,3/3,rsut_Amon_MIROC-ES2H_piControl_r1i1p4f2_gn_225001-226912.nc,21604029,https://esgf-data1.llnl.gov/thredds/fileServer/css03_data/CMIP6/CMIP/MIROC/MIROC-ES2H/piControl/r1i1p4f2/Amon/rsut/gn/v20220322/rsut_Amon_MIROC-ES2H_piControl_r1i1p4f2_gn_225001-226912.nc|http://esgf-data02.diasjp.net/thredds/fileServer/esg_dataroot/CMIP6/CMIP/MIROC/MIROC-ES2H/piControl/r1i1p4f2/Amon/rsut/gn/v20220322/rsut_Amon_MIROC-ES2H_piControl_r1i1p4f2_gn_225001-226912.nc,https://esgf-data1.llnl.gov/thredds/dodsC/css03_data/CMIP6/CMIP/MIROC/MIROC-ES2H/piControl/r1i1p4f2/Amon/rsut/gn/v20220322/rsut_Amon_MIROC-ES2H_piControl_r1i1p4f2_gn_225001-226912.nc|http://esgf-data02.diasjp.net/thredds/dodsC/esg_dataroot/CMIP6/CMIP/MIROC/MIROC-ES2H/piControl/r1i1p4f2/Amon/rsut/gn/v20220322/rsut_Amon_MIROC-ES2H_piControl_r1i1p4f2_gn_225001-226912.nc
MIROC-ES2H,CMIP,piControl,r1i1p4f2,tas,gn,1/3,tas_Amon_MIROC-ES2H_piControl_r1i1p4f2_gn_185001-204912.nc,173684759,https://esgf-data1.llnl.gov/thredds/fileServer/css03_data/CMIP6/CMIP/MIROC/MIROC-ES2H/piControl/r1i1p4f2/Amon/tas/gn/v20220322/tas_Amon_MIROC-ES2H_piControl_r1i1p4f2_gn_185001-204912.nc|http://esgf-data02.diasjp.net/thredds/fileServer/esg_dataroot/CMIP6/CMIP/MIROC/MIROC-ES2H/piControl/r1i1p4f2/Amon/tas/gn/v20220322/tas_Amon_MIROC-ES2H_piControl_r1i1p4f2_gn_185001-204912.nc|https://esgf.ceda.ac.uk/thredds/fileServer/esg_cmip6/CMIP6/CMIP/MIROC/MIROC-ES2H/piControl/r1i1p4f2/Amon/tas/gn/v20220322/tas_Amon_MIROC-ES2H_piControl_r1i1p4f2_gn_185001-204912.nc,https://esgf-data1.llnl.gov/thredds/dodsC/css03_data/CMIP6/CMIP/MIROC/MIROC-ES2H/piControl/r1i1p4f2/Amon/tas/gn/v20220322/tas_Amon_MIROC-ES2H_piControl_r1i1p4f2_gn_185001-204912.nc|http://esgf-data02.diasjp.net/thredds/dodsC/esg_dataroot/CMIP6/CMIP/MIROC/MIROC-ES2H/piControl/r1i1p4f2/Amon/tas/gn/v20220322/tas_Amon_MIROC-ES2H_piControl_r1i1p4f2_gn_185001-204912.nc|https://esgf.ceda.ac.uk/thredds/dodsC/esg_cmip6/CMIP6/CMIP/MIROC/MIROC-ES2H/piControl/r1i1p4f2/Amon/tas/gn/v20220322/tas_Amon_MIROC-ES2H_piControl_r1i1p4f2_gn_185001-204912.nc
MIROC-ES2H,CMIP,piControl,r1i1p4f2,tas,gn,2/3,tas_Amon_MIROC-ES2H_piControl_r1i1p4f2_gn_205001-224912.nc,173674355,https://esgf-data1.llnl.gov/thredds/fileServer/css03_data/CMIP6/CMIP/MIROC/MIROC-ES2H/piControl/r1i1p4f2/Amon/tas/gn/v20220322/tas_Amon_MIROC-ES2H_piControl_r1i1p4f2_gn_205001-224912.nc|http://esgf-data02.diasjp.net/thredds/fileServer/esg_dataroot/CMIP6/CMIP/MIROC/MIROC-ES2H/piControl/r1i1p4f2/Amon/tas/gn/v20220322/tas_Amon_MIROC-ES2H_piControl_r1i1p4f2_gn_205001-224912.nc|https://esgf.ceda.ac.uk/thredds/fileServer/esg_cmip6/CMIP6/CMIP/MIROC/MIROC-ES2H/piControl/r1i1p4f2/Amon/tas/gn/v20220322/tas_Amon_MIROC-ES2H_piControl_r1i1p4f2_gn_205001-224912.nc,https://esgf-data1.llnl.gov/thredds/dodsC/css03_data/CMIP6/CMIP/MIROC/MIROC-ES2H/piControl/r1i1p4f2/Amon/tas/gn/v20220322/tas_Amon_MIROC-ES2H_piControl_r1i1p4f2_gn_205001-224912.nc|http://esgf-data02.diasjp.net/thredds/dodsC/esg_dataroot/CMIP6/CMIP/MIROC/MIROC-ES2H/piControl/r1i1p4f2/Amon/tas/gn/v20220322/tas_Amon_MIROC-ES2H_piControl_r1i1p4f2_gn_205001-224912.nc|https://esgf.ceda.ac.uk/thredds/dodsC/esg_cmip6/CMIP6/CMIP/MIROC/MIROC-ES2H/piControl/r1i1p4f2/Amon/tas/gn/v20220322/tas_Amon_MIROC-ES2H_piControl_r1i1p4f2_gn_205001-224912.nc
MIROC-ES2H,CMIP,piControl,r1i1p4f2,tas,gn,3/3,tas_Amon_MIROC-ES2H_piControl_r1i1p4f2_gn_225001-226912.nc,17428329,https://esgf-data1.llnl.gov/thredds/fileServer/css03_data/CMIP6/CMIP/MIROC/MIROC-ES2H/piControl/r1i1p4f2/Amon/tas/gn/v20220322/tas_Amon_MIROC-ES2H_piControl_r1i1p4f2_gn_225001-226912.nc|http://esgf-data02.diasjp.net/thredds/fileServer/esg_dataroot/CMIP6/CMIP/MIROC/MIROC-ES2H/piControl/r1i1p4f2/Amon/tas/gn/v20220322/tas_Amon_MIROC-ES2H_piControl_r1i1p4f2_gn_225001-226912.nc|https://esgf.ceda.ac.uk/thredds/fileServer/esg_cmip6/CMIP6/CMIP/MIROC/MIROC-ES2H/piControl/r1i1p4f2/Amon/tas/gn/v20220322/tas_Amon_MIROC-ES2H_piControl_r1i1p4f2_gn_225001-226912.nc,https://esgf-data1.llnl.gov/thredds/dodsC/css03_data/CMIP6/CMIP/MIROC/MIROC-ES2H/piControl/r1i1p4f2/Amon/tas/gn/v20220322/tas_Amon_MIROC-ES2H_piControl_r1i1p4f2_gn_225001-226912.nc|http://esgf-data02.diasjp.net/thredds/dodsC/esg_dataroot/CMIP6/CMIP/MIROC/MIROC-ES2H/piControl/r1i1p4f2/Amon/tas/gn/v20220322/tas_Amon_MIROC-ES2H_piControl_r1i1p4f2_gn_225001-226912.nc|https://esgf.ceda.ac.uk/thredds/dodsC/esg_cmip6/CMIP6/CMIP/MIROC/MIROC-ES2H/piControl/r1i1p4f2/Amon/tas/gn/v20220322/tas_Amon_MIROC-ES2H_piControl_r1i1p4f2_gn_225001-226912.nc
MIROC-ES2H,ScenarioMIP,ssp119,r1i1p4f2,areacella,gn,1/1,areacella_fx_MIROC-ES2H_ssp119_r1i1p4f2_gn.nc,45455,https://esgf-data1.llnl.gov/thredds/fileServer/css03_data/CMIP6/ScenarioMIP/MIROC/MIROC-ES2H/ssp119/r1i1p4f2/fx/areacella/gn/v20230524/areacella_fx_MIROC-ES2H_ssp119_r1i1p4f2_gn.nc|http://esgf-data02.diasjp.net/thredds/fileServer/esg_dataroot/CMIP6/ScenarioMIP/MIROC/MIROC-ES2H/ssp119/r1i1p4f2/fx/areacella/gn/v20230524/areacella_fx_MIROC-ES2H_ssp119_r1i1p4f2_gn.nc,https://esgf-data1.llnl.gov/thredds/dodsC/css03_data/CMIP6/ScenarioMIP/MIROC/MIROC-ES2H/ssp119/r1i1p4f2/fx/areacella/gn/v20230524/areacella_fx_MIROC-ES2H_ssp119_r1i1p4f2_gn.nc|http://esgf-data02.diasjp.net/thredds/dodsC/esg_dataroot/CMIP6/ScenarioMIP/MIROC/MIROC-ES2H/ssp119/r1i1p4f2/fx/areacella/gn/v20230524/areacella_fx_MIROC-ES2H_ssp119_r1i1p4f2_gn.nc
MIROC-ES2H,ScenarioMIP,ssp119,r1i1p4f2,rlut,gn,1/1,rlut_Amon_MIROC-ES2H_ssp119_r1i1p4f2_gn_201501-210012.nc,86581498,http://esgf-data02.diasjp.net/thredds/fileServer/esg_dataroot/CMIP6/ScenarioMIP/MIROC/MIROC-ES2H/ssp119/r1i1p4f2/Amon/rlut/gn/v20230524/rlut_Amon_MIROC-ES2H_ssp119_r1i1p4f2_gn_201501-210012.nc,http://esgf-data02.diasjp.net/thredds/dodsC/esg_dataroot/CMIP6/ScenarioMIP/MIROC/MIROC-ES2H/ssp119/r1i1p4f2/Amon/rlut/gn/v20230524/rlut_Amon_MIROC-ES2H_ssp119_r1i1p4f2_gn_201501-210012.nc
MIROC-ES2H,ScenarioMIP,ssp119,r1i1p4f2,rsdt,gn,1/1,rsdt_Amon_MIROC-ES2H_ssp119_r1i1p4f2_gn_201501-210012.nc,53936660,http://esgf-data02.diasjp.net/thredds/fileServer/esg_dataroot/CMIP6/ScenarioMIP/MIROC/MIROC-ES2H/ssp119/r1i1p4f2/Amon/rsdt/gn/v20230524/rsdt_Amon_MIROC-ES2H_ssp119_r1i1p4f2_gn_201501-210012.nc,http://esgf-data02.diasjp.net/thredds/dodsC/esg_dataroot/CMIP6/ScenarioMIP/MIROC/MIROC-ES2H/ssp119/r1i1p4f2/Amon/rsdt/gn/v20230524/rsdt_Amon_MIROC-ES2H_ssp119_r1i1p4f2_gn_201501-210012.nc
MIROC-ES2H,ScenarioMIP,ssp119,r1i1p4f2,rsut,gn,1/1,rsut_Amon_MIROC-ES2H_ssp119_r1i1p4f2_gn_201501-210012.nc,92834496,http://esgf-data02.diasjp.net/thredds/fileServer/esg_dataroot/CMIP6/ScenarioMIP/MIROC/MIROC-ES2H/ssp119/r1i1p4f2/Amon/rsut/gn/v20230524/rsut_Amon_MIROC-ES2H_ssp119_r1i1p4f2_gn_201501-210012.nc,http://esgf-data02.diasjp.net/thredds/dodsC/esg_dataroot/CMIP6/ScenarioMIP/MIROC/MIROC-ES2H/ssp119/r1i1p4f2/Amon/rsut/gn/v20230524/rsut_Amon_MIROC-ES2H_ssp119_r1i1p4f2_gn_201501-210012.nc
MIROC-ES2H,ScenarioMIP,ssp119,r1i1p4f2,tas,gn,1/1,tas_Amon_MIROC-ES2H_ssp119_r1i1p4f2_gn_201501-210012.nc,74612653,http://esgf-data02.diasjp.net/thredds/fileServer/esg_dataroot/CMIP6/ScenarioMIP/MIROC/MIROC-ES2H/ssp119/r1i1p4f2/Amon/tas/gn/v20230524/tas_Amon_MIROC-ES2H_ssp119_r1i1p4f2_gn_201501-210012.nc,http://esgf-data02.diasjp.net/thredds/dodsC/esg_dataroot/CMIP6/ScenarioMIP/MIROC/MIROC-ES2H/ssp119/r1i1p4f2/Amon/tas/gn/v20230524/tas_Amon_MIROC-ES2H_ssp119_r1i1p4f2_gn_201501-210012.nc
MIROC-ES2H,ScenarioMIP,ssp585,r1i1p4f2,areacella,gn,1/1,areacella_fx_MIROC-ES2H_ssp585_r1i1p4f2_gn.nc,45455,http://esgf-data02.diasjp.net/thredds/fileServer/esg_dataroot/CMIP6/ScenarioMIP/MIROC/MIROC-ES2H/ssp585/r1i1p4f2/fx/areacella/gn/v20230524/areacella_fx_MIROC-ES2H_ssp585_r1i1p4f2_gn.nc|https://esgf-data1.llnl.gov/thredds/fileServer/css03_data/CMIP6/ScenarioMIP/MIROC/MIROC-ES2H/ssp585/r1i1p4f2/fx/areacella/gn/v20230524/areacella_fx_MIROC-ES2H_ssp585_r1i1p4f2_gn.nc,http://esgf-data02.diasjp.net/thredds/dodsC/esg_dataroot/CMIP6/ScenarioMIP/MIROC/MIROC-ES2H/ssp585/r1i1p4f2/fx/areacella/gn/v20230524/areacella_fx_MIROC-ES2H_ssp585_r1i1p4f2_gn.nc|https://esgf-data1.llnl.gov/thredds/dodsC/css03_data/CMIP6/ScenarioMIP/MIROC/MIROC-ES2H/ssp585/r1i1p4f2/fx/areacella/gn/v20230524/areacella_fx_MIROC-ES2H_ssp585_r1i1p4f2_gn.nc
MIROC-ES2H,ScenarioMIP,ssp585,r1i1p4f2,rlut,gn,1/1,rlut_Amon_MIROC-ES2H_ssp585_r1i1p4f2_gn_201501-210012.nc,86339781,http://esgf-data02.diasjp.net/thredds/fileServer/esg_dataroot/CMIP6/ScenarioMIP/MIROC/MIROC-ES2H/ssp585/r1i1p4f2/Amon/rlut/gn/v20230524/rlut_Amon_MIROC-ES2H_ssp585_r1i1p4f2_gn_201501-210012.nc,http://esgf-data02.diasjp.net/thredds/dodsC/esg_dataroot/CMIP6/ScenarioMIP/MIROC/MIROC-ES2H/ssp585/r1i1p4f2/Amon/rlut/gn/v20230524/rlut_Amon_MIROC-ES2H_ssp585_r1i1p4f2_gn_201501-210012.nc
MIROC-ES2H,ScenarioMIP,ssp585,r1i1p4f2,rsdt,gn,1/1,rsdt_Amon_MIROC-ES2H_ssp585_r1i1p4f2_gn_201501-210012.nc,53845467,http://esgf-data02.diasjp.net/thredds/fileServer/esg_dataroot/CMIP6/ScenarioMIP/MIROC/MIROC-ES2H/ssp585/r1i1p4f2/Amon/rsdt/gn/v20230524/rsdt_Amon_MIROC-ES2H_ssp585_r1i1p4f2_gn_201501-210012.nc,http://esgf-data02.diasjp.net/thredds/dodsC/esg_dataroot/CMIP6/ScenarioMIP/MIROC/MIROC-ES2H/ssp585/r1i1p4f2/Amon/rsdt/gn/v20230524/rsdt_Amon_MIROC-ES2H_ssp585_r1i1p4f2_gn_201501-210012.nc
MIROC-ES2H,ScenarioMIP,ssp585,r1i1p4f2,rsut,gn,1/1,rsut_Amon_MIROC-ES2H_ssp585_r1i1p4f2_gn_201501-210012.nc,92948770,http://esgf-data02.diasjp.net/thredds/fileServer/esg_dataroot/CMIP6/ScenarioMIP/MIROC/MIROC-ES2H/ssp585/r1i1p4f2/Amon/rsut/gn/v20230524/rsut_Amon_MIROC-ES2H_ssp585_r1i1p4f2_gn_201501-210012.nc,http://esgf-data02.diasjp.net/thredds/dodsC/esg_dataroot/CMIP6/ScenarioMIP/MIROC/MIROC-ES2H/ssp585/r1i1p4f2/Amon/rsut/gn/v20230524/rsut_Amon_MIROC-ES2H_ssp585_r1i1p4f2_gn_201501-210012.nc
MIROC-ES2H,ScenarioMIP,ssp585,r1i1p4f2,tas,gn,1/1,tas_Amon_MIROC-ES2H_ssp585_r1i1p4f2_gn_201501-210012.nc,74531053,http://esgf-data02.diasjp.net/thredds/fileServer/esg_dataroot/CMIP6/ScenarioMIP/MIROC/MIROC-ES2H/ssp585/r1i1p4f2/Amon/tas/gn/v20230524/tas_Amon_MIROC-ES2H_ssp585_r1i1p4f2_gn_201501-210012.nc,http://esgf-data02.diasjp.net/thredds/dodsC/esg_dataroot/CMIP6/ScenarioMIP/MIROC/MIROC-ES2H/ssp585/r1i1p4f2/Amon/tas/gn/v20230524/tas_Amon_MIROC-ES2H_ssp585_r1i1p4f2_gn_201501-210012.nc